severity,message,count,example_episode
warning,segment 5: large timestamp drift from source,12,a55faf08
warning,segment 4: large timestamp drift from source,11,a55faf08
warning,segment 6: large timestamp drift from source,11,a55faf08
warning,segment 7: large timestamp drift from source,11,fa460d2c
warning,segment 3: large timestamp drift from source,8,a55faf08
warning,segment 9: large timestamp drift from source,8,fa460d2c
warning,segment 10: large timestamp drift from source,8,fa460d2c
warning,segment 11: large timestamp drift from source,8,5142f786
warning,segment 12: large timestamp drift from source,8,5142f786
warning,segment 13: large timestamp drift from source,8,5142f786
warning,segment 14: large timestamp drift from source,8,5142f786
warning,segment 8: large timestamp drift from source,7,fa460d2c
warning,segment 15: large timestamp drift from source,6,5142f786
warning,segment 2: large timestamp drift from source,4,a55faf08
warning,segment 16: large timestamp drift from source,4,5142f786
warning,segment 17: large timestamp drift from source,4,5142f786
warning,segment 18: large timestamp drift from source,3,3e02ec6f
warning,segment 19: large timestamp drift from source,3,3e02ec6f
warning,segment 20: large timestamp drift from source,2,3e02ec6f
warning,segment 22: large timestamp drift from source,2,3e02ec6f
warning,segment 25: large timestamp drift from source,1,606e9512
warning,segment 26: large timestamp drift from source,1,606e9512
warning,segment 28: large timestamp drift from source,1,606e9512
warning,segment 29: large timestamp drift from source,1,606e9512
warning,segment 31: large timestamp drift from source,1,606e9512
warning,segment 32: large timestamp drift from source,1,606e9512
warning,segment 33: large timestamp drift from source,1,606e9512
warning,segment 34: large timestamp drift from source,1,606e9512
warning,segment 35: large timestamp drift from source,1,606e9512
warning,segment 36: large timestamp drift from source,1,606e9512
warning,segment 38: large timestamp drift from source,1,606e9512
warning,segment 21: large timestamp drift from source,1,8a6cbaaa
warning,segment 23: large timestamp drift from source,1,8a6cbaaa
warning,segment 1: large timestamp drift from source,1,87185772
